{
    "logistic_regression": {
        "accuracy": 0.9995060790273557,
        "precision": 0.9995061399371347,
        "recall": 0.9995060790273557,
        "f1_score": 0.9995060556441949,
        "confusion_matrix": [
            [
                8682,
                0,
                2
            ],
            [
                0,
                8950,
                2
            ],
            [
                2,
                7,
                8675
            ]
        ],
        "feature_importance": {
            "Frequency": 16.93378916200307,
            "syllables": -15.702929771613118,
            "bigram_rarity": -1.4080689011805823,
            "familiarity": 16.933789162003055,
            "length": -11.139159592648387,
            "vowels": -7.278217151247973,
            "unique_chars": -16.862920763593028,
            "synsets": 0.03752668554975805,
            "depth": 0.013561254156316089,
            "lemmas": -0.045550471811760064
        }
    },
    "decision_tree": {
        "accuracy": 0.9758738601823708,
        "precision": 0.9758869653586825,
        "recall": 0.9758738601823708,
        "f1_score": 0.9758794267460654,
        "confusion_matrix": [
            [
                8521,
                0,
                163
            ],
            [
                0,
                8791,
                161
            ],
            [
                175,
                136,
                8373
            ]
        ],
        "feature_importance": {
            "Frequency": 0.16108056551547534,
            "syllables": 0.12605681822803783,
            "bigram_rarity": 0.009982613357527571,
            "familiarity": 0.27106613449119704,
            "length": 0.26645472362270106,
            "vowels": 0.04121085249412028,
            "unique_chars": 0.12241173125730666,
            "synsets": 0.0002987533173350673,
            "depth": 0.0007501312936936626,
            "lemmas": 0.0006876764226055041
        }
    },
    "random_forest": {
        "accuracy": 0.9880699088145897,
        "precision": 0.988074064819108,
        "recall": 0.9880699088145897,
        "f1_score": 0.9880716725453753,
        "confusion_matrix": [
            [
                8601,
                0,
                83
            ],
            [
                0,
                8874,
                78
            ],
            [
                89,
                64,
                8531
            ]
        ],
        "feature_importance": {
            "Frequency": 0.20331802327049436,
            "syllables": 0.13588003479315355,
            "bigram_rarity": 0.019849371990140256,
            "familiarity": 0.199708102828203,
            "length": 0.18366523287934503,
            "vowels": 0.06871566143447813,
            "unique_chars": 0.1597262654507372,
            "synsets": 0.012916726696080702,
            "depth": 0.006390510581473768,
            "lemmas": 0.00983007007589387
        }
    },
    "svm": {
        "accuracy": 0.9957066869300912,
        "precision": 0.9957060024114845,
        "recall": 0.9957066869300912,
        "f1_score": 0.9957062644355247,
        "confusion_matrix": [
            [
                8651,
                0,
                33
            ],
            [
                0,
                8932,
                20
            ],
            [
                37,
                23,
                8624
            ]
        ],
        "feature_importance": null
    }
}